{"cameraMode":{"drawMode":0,"name":"Shaded","section":"Shading Mode"},"sceneLighting":true,"audioPlay":false,"sceneViewState":{"m_AlwaysRefresh":false,"showFog":true,"showSkybox":true,"showFlares":true,"showImageEffects":true,"showParticleSystems":true,"showVisualEffectGraphs":true,"m_FxEnabled":true},"in2DMode":false,"pivot":{"x":-37.473201751708987,"y":-52.12501525878906,"z":12.32483196258545},"rotation":{"x":0.22537188231945039,"y":-0.24993231892585755,"z":0.06062999367713928,"w":0.9399726986885071},"size":12.618690490722657,"orthographic":false}