{"cameraMode":{"drawMode":0,"name":"Shaded","section":"Shading Mode"},"sceneLighting":true,"audioPlay":false,"sceneViewState":{"m_AlwaysRefresh":false,"showFog":true,"showSkybox":true,"showFlares":true,"showImageEffects":true,"showParticleSystems":true,"showVisualEffectGraphs":true,"m_FxEnabled":true},"in2DMode":false,"pivot":{"x":4.0753607749938969,"y":-27.63922882080078,"z":49.43016052246094},"rotation":{"x":0.26640385389328005,"y":0.048261065036058429,"z":-0.013410942628979683,"w":0.9625943303108215},"size":33.174224853515628,"orthographic":false}