{"cameraMode":{"drawMode":0,"name":"Shaded","section":"Shading Mode"},"sceneLighting":true,"audioPlay":false,"sceneViewState":{"m_AlwaysRefresh":false,"showFog":true,"showSkybox":true,"showFlares":true,"showImageEffects":true,"showParticleSystems":true,"showVisualEffectGraphs":true,"m_FxEnabled":true},"in2DMode":false,"pivot":{"x":-2.0878756046295168,"y":-7.253049850463867,"z":-13.847294807434082},"rotation":{"x":-0.006241612136363983,"y":-0.9742298126220703,"z":0.22451037168502809,"w":-0.0262228362262249},"size":14.283735275268555,"orthographic":false}