{"cameraMode":{"drawMode":0,"name":"Shaded","section":"Shading Mode"},"sceneLighting":true,"audioPlay":false,"sceneViewState":{"m_AlwaysRefresh":false,"showFog":true,"showSkybox":true,"showFlares":true,"showImageEffects":true,"showParticleSystems":true,"showVisualEffectGraphs":true,"m_FxEnabled":true},"in2DMode":false,"pivot":{"x":-8.026975631713868,"y":-19.824899673461915,"z":20.26210594177246},"rotation":{"x":-0.37096700072288515,"y":0.20551837980747224,"z":-0.08455097675323487,"w":-0.9016808271408081},"size":15.077478408813477,"orthographic":false}