{"cameraMode":{"drawMode":0,"name":"Shaded","section":"Shading Mode"},"sceneLighting":true,"audioPlay":false,"sceneViewState":{"m_AlwaysRefresh":false,"showFog":true,"showSkybox":true,"showFlares":true,"showImageEffects":true,"showParticleSystems":true,"showVisualEffectGraphs":true,"m_FxEnabled":true},"in2DMode":false,"pivot":{"x":-11.156286239624024,"y":-11.783945083618164,"z":14.067625999450684},"rotation":{"x":0.38951998949050906,"y":-0.25069206953048708,"z":0.11117009073495865,"w":0.879396915435791},"size":14.283735275268555,"orthographic":false}