{"cameraMode":{"drawMode":0,"name":"Shaded","section":"Shading Mode"},"sceneLighting":true,"audioPlay":false,"sceneViewState":{"m_AlwaysRefresh":false,"showFog":true,"showSkybox":true,"showFlares":true,"showImageEffects":true,"showParticleSystems":true,"showVisualEffectGraphs":true,"m_FxEnabled":true},"in2DMode":false,"pivot":{"x":-12.372690200805664,"y":-4.077929496765137,"z":20.813920974731447},"rotation":{"x":-0.16314758360385896,"y":0.30633237957954409,"z":-0.05340657755732536,"w":-0.9364378452301025},"size":14.312718391418457,"orthographic":false}